file,range
prix-moyen-au-metre-carre-enregistre-par-commune-2007.xls,B15:H120
prix-moyen-au-metre-carre-enregistre-par-commune-2008.xls,B15:H120
prix-moyen-au-metre-carre-enregistre-par-commune-2009.xls,B15:H120
prix-moyen-au-metre-carre-enregistre-par-commune-2010.xls,B15:H120
prix-moyen-au-metre-carre-enregistre-par-commune-2011.xls,B15:H120
prix-moyen-au-metre-carre-enregistre-par-commune-2012.xls,B15:H120
prix-moyen-au-metre-carre-enregistre-par-commune-2013.xls,B15:H120
prix-moyen-au-metre-carre-enregistre-par-commune-2014.xls,B15:H120
prix-moyen-au-metre-carre-enregistre-par-commune-2015.xls,B15:H119
prix-moyen-au-metre-carre-enregistre-par-commune-2016.xls,B15:H120
prix-moyen-au-metre-carre-enregistre-par-commune-2017.xls,B15:H119
prix-moyen-au-metre-carre-enregistre-par-commune-2018.xls,B15:H116
prix-moyen-au-metre-carre-enregistre-par-commune-2019.xls,B15:H116
prix-moyen-au-metre-carre-enregistre-par-commune-2020.xls,B15:H116
prix-moyen-au-metre-carre-enregistre-par-commune-2021.xls,B12:H113
prix-moyen-au-metre-carre-enregistre-par-commune-2022.xls,B12:H113
prix-moyen-au-metre-carre-enregistre-par-commune-2023.xls,B12:H111